{
  "single <resource>" : {
    "transaction" : "single <resource>",
    "sampleCount" : 1911,
    "errorCount" : 0,
    "errorPct" : 0.0,
    "meanResTime" : 289.75667189952884,
    "medianResTime" : 97.0,
    "minResTime" : 60.0,
    "maxResTime" : 9263.0,
    "pct1ResTime" : 658.7999999999997,
    "pct2ResTime" : 976.1999999999996,
    "pct3ResTime" : 2343.3199999999924,
    "throughput" : 18.8772435865775,
    "receivedKBytesPerSec" : 17.4813109052878,
    "sentKBytesPerSec" : 2.3412206401321702
  },
  "single user" : {
    "transaction" : "single user",
    "sampleCount" : 1918,
    "errorCount" : 1,
    "errorPct" : 0.052137643,
    "meanResTime" : 2317.5792492179366,
    "medianResTime" : 1387.0,
    "minResTime" : 194.0,
    "maxResTime" : 20472.0,
    "pct1ResTime" : 5609.0,
    "pct2ResTime" : 7641.949999999995,
    "pct3ResTime" : 12812.39,
    "throughput" : 18.911643774835092,
    "receivedKBytesPerSec" : 18.436838295832143,
    "sentKBytesPerSec" : 2.307346641778168
  },
  "Total" : {
    "transaction" : "Total",
    "sampleCount" : 16637,
    "errorCount" : 4,
    "errorPct" : 0.024042796,
    "meanResTime" : 1361.3131574202146,
    "medianResTime" : 500.0,
    "minResTime" : 60.0,
    "maxResTime" : 24964.0,
    "pct1ResTime" : 3495.2000000000007,
    "pct2ResTime" : 4693.0,
    "pct3ResTime" : 10590.419999999958,
    "throughput" : 154.09908950288525,
    "receivedKBytesPerSec" : 157.58616920553803,
    "sentKBytesPerSec" : 24.657174217092894
  },
  "create" : {
    "transaction" : "create",
    "sampleCount" : 1889,
    "errorCount" : 0,
    "errorPct" : 0.0,
    "meanResTime" : 642.9105346744311,
    "medianResTime" : 447.0,
    "minResTime" : 397.0,
    "maxResTime" : 10080.0,
    "pct1ResTime" : 1048.0,
    "pct2ResTime" : 1446.0,
    "pct3ResTime" : 3006.8999999999983,
    "throughput" : 18.59801122378655,
    "receivedKBytesPerSec" : 12.941534702052772,
    "sentKBytesPerSec" : 3.7595589094959143
  },
  "update" : {
    "transaction" : "update",
    "sampleCount" : 1847,
    "errorCount" : 0,
    "errorPct" : 0.0,
    "meanResTime" : 597.1293990254469,
    "medianResTime" : 442.0,
    "minResTime" : 396.0,
    "maxResTime" : 9741.0,
    "pct1ResTime" : 927.2,
    "pct2ResTime" : 1167.9999999999995,
    "pct3ResTime" : 2657.52,
    "throughput" : 18.194355513963455,
    "receivedKBytesPerSec" : 12.374181540289612,
    "sentKBytesPerSec" : 3.7312643143870363
  },
  "list <resource>" : {
    "transaction" : "list <resource>",
    "sampleCount" : 1915,
    "errorCount" : 0,
    "errorPct" : 0.0,
    "meanResTime" : 632.9822454308102,
    "medianResTime" : 142.0,
    "minResTime" : 60.0,
    "maxResTime" : 23733.0,
    "pct1ResTime" : 1435.8000000000002,
    "pct2ResTime" : 2532.399999999996,
    "pct3ResTime" : 6463.399999999979,
    "throughput" : 18.917130128122807,
    "receivedKBytesPerSec" : 26.275059872346418,
    "sentKBytesPerSec" : 2.309219986343116
  },
  "Update" : {
    "transaction" : "Update",
    "sampleCount" : 1874,
    "errorCount" : 0,
    "errorPct" : 0.0,
    "meanResTime" : 648.5667022411943,
    "medianResTime" : 447.0,
    "minResTime" : 396.0,
    "maxResTime" : 18996.0,
    "pct1ResTime" : 1011.0,
    "pct2ResTime" : 1391.25,
    "pct3ResTime" : 2876.0,
    "throughput" : 18.457416946548342,
    "receivedKBytesPerSec" : 12.556933042617525,
    "sentKBytesPerSec" : 3.7491628172676323
  },
  "delete" : {
    "transaction" : "delete",
    "sampleCount" : 1823,
    "errorCount" : 0,
    "errorPct" : 0.0,
    "meanResTime" : 605.0756993965989,
    "medianResTime" : 447.0,
    "minResTime" : 396.0,
    "maxResTime" : 10098.0,
    "pct1ResTime" : 967.0000000000007,
    "pct2ResTime" : 1104.6,
    "pct3ResTime" : 2511.999999999999,
    "throughput" : 17.95581470938765,
    "receivedKBytesPerSec" : 10.794292251076069,
    "sentKBytesPerSec" : 3.6998797887507755
  },
  "Delay response" : {
    "transaction" : "Delay response",
    "sampleCount" : 1507,
    "errorCount" : 0,
    "errorPct" : 0.0,
    "meanResTime" : 3673.0325149303308,
    "medianResTime" : 3465.0,
    "minResTime" : 3397.0,
    "maxResTime" : 15395.0,
    "pct1ResTime" : 4072.8,
    "pct2ResTime" : 4571.199999999999,
    "pct3ResTime" : 7038.0000000000055,
    "throughput" : 14.418569050307124,
    "receivedKBytesPerSec" : 23.29928180732027,
    "sentKBytesPerSec" : 1.844563032802962
  },
  "list user" : {
    "transaction" : "list user",
    "sampleCount" : 1953,
    "errorCount" : 3,
    "errorPct" : 0.15360983,
    "meanResTime" : 3208.438812083969,
    "medianResTime" : 1875.0,
    "minResTime" : 289.0,
    "maxResTime" : 24964.0,
    "pct1ResTime" : 7810.000000000005,
    "pct2ResTime" : 11032.4,
    "pct3ResTime" : 14541.960000000012,
    "throughput" : 19.05403032254288,
    "receivedKBytesPerSec" : 32.56095355214248,
    "sentKBytesPerSec" : 2.4152529195691623
  }
}